freq,mut,pos,coverage
1.0000,T,1,0
1.0000,C,2,0
1.0000,G,3,0
1.0000,C,4,0
1.0000,T,5,0
1.0000,T,6,0
1.0000,A,7,0
1.0000,G,8,0
1.0000,G,9,0
1.0000,G,10,0
1.0000,A,11,0
1.0000,A,12,0
1.0000,G,13,0
1.0000,A,14,0
1.0000,T,15,0
1.0000,C,16,0
1.0000,T,17,0
1.0000,G,18,0
1.0000,G,19,0
1.0000,C,20,0
1.0000,C,21,0
1.0000,T,22,0
1.0000,T,23,0
1.0000,C,24,0
1.0000,C,25,0
1.0000,C,26,0
1.0000,A,27,0
1.0000,C,28,0
1.0000,A,29,0
1.0000,A,30,0
1.0000,G,31,0
1.0000,G,32,0
1.0000,G,33,0
1.0000,A,34,0
1.0000,A,35,0
1.0000,G,36,0
1.0000,G,37,0
1.0000,C,38,0
1.0000,C,39,0
1.0000,A,40,0
1.0000,G,41,0
1.0000,G,42,0
1.0000,G,43,0
1.0000,A,44,0
1.0000,A,45,0
1.0000,T,46,0
1.0000,T,47,0
1.0000,T,48,0
1.0000,T,49,0
1.0000,C,50,0
1.0000,T,51,0
1.0000,T,52,0
1.0000,C,53,0
1.0000,A,54,0
1.0000,G,55,0
1.0000,A,56,0
1.0000,G,57,0
1.0000,C,58,2
1.0000,A,59,2
1.0000,G,60,27
1.0000,A,61,36
1.0000,C,62,319
1.0000,C,63,321
1.0000,A,64,326
1.0000,G,65,343
1.0000,A,66,349
1.0000,G,67,364
1.0000,C,68,383
1.0000,C,69,389
1.0000,A,70,398
1.0000,A,71,398
1.0000,C,72,402
1.0000,A,73,402
1.0000,G,74,403
1.0000,C,75,404
1.0000,C,76,404
1.0000,C,77,404
1.0000,C,78,404
0.9901,G,79,404
0.0099,A,79,404
1.0000,C,80,405
1.0000,C,81,405
1.0000,A,82,405
1.0000,G,83,405
1.0000,C,84,405
1.0000,A,85,405
1.0000,G,86,405
1.0000,A,87,405
1.0000,G,88,405
1.0000,A,89,405
1.0000,G,90,405
1.0000,C,91,405
1.0000,T,92,405
1.0000,T,93,405
1.0000,C,94,405
0.9901,G,95,405
0.0099,A,95,405
1.0000,G,96,405
1.0000,G,97,405
1.0000,T,98,405
1.0000,T,99,405
1.0000,T,100,405
1.0000,G,101,405
1.0000,T,102,405
1.0000,G,103,405
1.0000,G,104,405
1.0000,A,105,405
0.9901,G,106,405
0.0099,A,106,405
1.0000,G,107,405
1.0000,A,108,405
1.0000,G,109,404
1.0000,A,110,402
0.9677,T,111,402
0.0323,T,111,402
1.0000,A,112,12
1.0000,A,113,13
1.0000,C,114,13
1.0000,A,115,393
1.0000,A,116,391
1.0000,C,117,391
0.9898,C,118,391
0.0102,T,118,391
1.0000,C,119,393
1.0000,C,120,393
1.0000,C,121,393
1.0000,T,122,393
1.0000,C,123,393
1.0000,T,124,393
1.0000,C,125,393
0.9975,T,126,393
0.0025,A,126,393
1.0000,G,127,393
1.0000,A,128,394
1.0000,A,129,394
1.0000,G,130,394
1.0000,C,131,394
1.0000,A,132,394
1.0000,G,133,394
1.0000,G,134,394
1.0000,A,135,394
1.0000,G,136,394
1.0000,C,137,394
0.9898,A,138,394
0.0102,C,138,394
1.0000,G,139,394
1.0000,A,140,394
0.9949,A,141,394
0.0051,T,141,394
1.0000,A,142,394
1.0000,G,143,394
1.0000,A,144,394
1.0000,A,145,394
0.9975,G,146,394
0.0025,A,146,394
1.0000,A,147,394
1.0000,C,148,394
1.0000,G,149,394
0.9949,G,150,394
0.0051,A,150,394
1.0000,A,151,394
0.9949,A,152,394
0.0051,C,152,394
0.9975,A,153,394
0.0025,T,153,394
1.0000,G,154,394
1.0000,T,155,394
0.9188,AGGG,156,394
0.0812,A,156,394
1.0000,T,157,412
1.0000,C,158,623
1.0000,C,159,631
0.9517,C,160,642
0.0452,GCCC,160,642
0.0031,T,160,642
1.0000,T,161,1983
1.0000,T,162,2004
1.0000,A,163,2013
1.0000,A,164,2027
1.0000,C,165,2031
1.0000,T,166,2032
1.0000,T,167,2041
1.0000,C,168,2053
1.0000,C,169,2068
1.0000,C,170,2076
1.0000,T,171,2077
1.0000,C,172,2098
1.0000,A,173,2114
0.9981,A,174,2127
0.0019,G,174,2127
1.0000,A,175,2130
1.0000,T,176,2138
1.0000,C,177,2140
1.0000,A,178,2140
1.0000,C,179,2182
1.0000,T,180,2191
1.0000,C,181,2216
1.0000,T,182,2218
1.0000,T,183,2218
1.0000,T,184,2218
1.0000,G,185,2218
1.0000,G,186,2218
1.0000,C,187,2218
1.0000,A,188,2218
1.0000,C,189,2218
1.0000,C,190,2218
1.0000,G,191,2218
1.0000,A,192,2218
1.0000,C,193,2218
1.0000,C,194,2218
1.0000,C,195,2186
0.9977,G,196,1315
0.0023,C,196,1315
1.0000,T,197,1311
0.9992,A,198,1296
0.0008,C,198,1296
1.0000,G,199,1296
1.0000,T,200,1296
0.9784,C,201,1296
0.0216,T,201,1296
0.9946,G,202,1287
0.0054,A,202,1287
1.0000,C,203,1287
0.9728,C,204,1287
0.0272,A,204,1287
1.0000,A,205,1287
1.0000,T,206,1287
1.0000,T,207,1276
1.0000,A,208,1273
1.0000,A,209,1272
0.9945,A,210,1266
0.0055,G,210,1266
0.9960,G,211,1265
0.0040,A,211,1265
1.0000,T,212,1265
1.0000,A,213,1265
0.9968,A,214,1265
0.0032,G,214,1265
0.9945,A,215,1265
0.0055,G,215,1265
1.0000,G,216,1327
1.0000,G,217,1406
1.0000,G,218,1407
0.9915,A,219,1407
0.0085,G,219,1407
1.0000,C,220,1438
1.0000,A,221,1447
0.9970,G,222,1654
0.0030,A,222,1654
1.0000,C,223,1725
1.0000,T,224,1732
1.0000,A,225,1763
1.0000,A,226,1778
0.9978,T,227,1781
0.0022,A,227,1781
1.0000,G,228,5418
1.0000,G,229,5439
1.0000,G,230,5479
1.0000,A,231,5490
1.0000,G,232,5521
1.0000,C,233,5602
1.0000,T,234,5603
0.9965,T,235,5943
0.0035,C,235,5943
1.0000,T,236,6015
1.0000,A,237,6144
1.0000,T,238,6149
1.0000,T,239,6177
1.0000,A,240,6218
1.0000,G,241,6225
1.0000,A,242,6271
0.9983,C,243,6341
0.0017,T,243,6341
1.0000,A,244,6361
1.0000,C,245,6434
1.0000,A,246,6436
1.0000,G,247,6673
1.0000,G,248,6810
1.0000,A,249,6957
1.0000,G,250,7016
1.0000,T,251,7388
1.0000,A,252,7512
1.0000,G,253,7787
1.0000,A,254,7977
1.0000,T,255,7996
1.0000,G,256,7967
1.0000,A,257,7978
1.0000,T,258,7979
1.0000,A,259,7959
1.0000,C,260,7986
1.0000,A,261,7937
1.0000,G,262,7998
1.0000,T,263,7962
1.0000,A,264,7985
1.0000,T,265,7980
1.0000,T,266,7931
1.0000,A,267,7928
1.0000,G,268,7920
0.9845,A,269,7896
0.0155,T,269,7896
1.0000,A,270,7866
1.0000,G,271,7362
1.0000,A,272,7048
0.9987,C,273,6965
0.0013,A,273,6965
1.0000,A,274,7001
1.0000,T,275,7004
0.9975,A,276,7015
0.0025,G,276,7015
1.0000,A,277,7136
1.0000,A,278,7159
1.0000,T,279,7180
1.0000,T,280,7138
1.0000,T,281,7116
1.0000,G,282,7111
1.0000,C,283,7108
1.0000,C,284,7104
1.0000,A,285,7099
1.0000,G,286,7113
1.0000,G,287,7088
1.0000,A,288,7084
1.0000,A,289,7078
0.9984,A,290,7029
0.0016,G,290,7029
0.9954,A,291,7009
0.0046,A,291,7009
1.0000,T,292,7074
1.0000,G,293,7078
1.0000,G,294,7079
1.0000,A,295,7080
1.0000,A,296,7076
0.9554,A,297,7053
0.0446,G,297,7053
1.0000,C,298,7184
1.0000,C,299,7194
1.0000,A,300,7315
1.0000,A,301,7327
1.0000,A,302,7347
1.0000,A,303,7392
1.0000,A,304,7410
1.0000,T,305,7491
1.0000,G,306,7504
1.0000,A,307,7454
1.0000,T,308,7409
1.0000,A,309,7178
1.0000,G,310,7174
1.0000,T,311,7186
1.0000,G,312,7194
1.0000,C,313,7189
1.0000,G,314,7287
1.0000,A,315,7275
1.0000,A,316,7292
1.0000,T,317,7296
1.0000,T,318,7283
1.0000,G,319,7266
1.0000,G,320,7216
1.0000,A,321,7195
1.0000,G,322,7225
1.0000,G,323,7142
1.0000,T,324,7085
1.0000,T,325,7075
1.0000,T,326,7095
1.0000,T,327,7132
1.0000,A,328,7137
1.0000,T,329,7135
1.0000,C,330,7086
0.9745,A,331,7085
0.0255,G,331,7085
1.0000,A,332,7385
1.0000,A,333,7398
1.0000,G,334,7461
1.0000,C,335,7641
1.0000,A,336,7612
1.0000,G,337,7646
1.0000,A,338,7656
1.0000,C,339,7658
1.0000,T,340,7673
1.0000,A,341,7311
1.0000,G,342,6563
1.0000,T,343,6576
1.0000,A,344,6575
1.0000,T,345,6669
1.0000,G,346,6681
1.0000,A,347,6711
1.0000,T,348,6736
1.0000,C,349,6654
1.0000,A,350,6487
1.0000,G,351,6545
1.0000,A,352,6529
1.0000,T,353,6516
1.0000,A,354,6479
0.9892,T,355,6416
0.0108,C,355,6416
1.0000,C,356,6624
1.0000,C,357,6592
1.0000,A,358,6652
1.0000,T,359,6654
1.0000,A,360,6532
1.0000,G,361,6491
1.0000,A,362,6470
1.0000,A,363,6498
1.0000,A,364,6491
1.0000,T,365,6296
0.9714,C,366,6300
0.0286,A,366,6300
1.0000,T,367,6237
1.0000,G,368,6262
1.0000,T,369,6248
1.0000,G,370,6246
1.0000,G,371,6238
1.0000,A,372,6239
1.0000,C,373,6168
1.0000,A,374,6146
1.0000,T,375,6145
1.0000,A,376,6337
1.0000,A,377,6665
1.0000,A,378,6685
1.0000,G,379,6825
1.0000,C,380,6908
1.0000,T,381,6856
1.0000,A,382,6825
0.9986,C,383,6660
0.0014,T,383,6660
1.0000,A,384,6646
1.0000,G,385,6678
1.0000,G,386,6667
0.9956,A,387,6654
0.0044,T,387,6654
1.0000,A,388,6674
1.0000,C,389,6763
1.0000,A,390,6734
1.0000,G,391,7522
1.0000,T,392,7692
1.0000,A,393,7700
1.0000,T,394,7633
1.0000,T,395,7945
1.0000,A,396,7951
1.0000,G,397,7952
1.0000,T,398,7726
1.0000,A,399,7503
1.0000,G,400,7124
1.0000,G,401,7117
1.0000,A,402,7184
1.0000,C,403,7036
1.0000,C,404,6832
1.0000,T,405,6803
1.0000,A,406,6843
1.0000,C,407,6841
0.9963,C,408,6841
0.0037,A,408,6841
1.0000,C,409,6840
1.0000,C,410,6747
1.0000,T,411,6761
1.0000,G,412,6800
1.0000,T,413,6819
1.0000,C,414,6848
1.0000,A,415,6824
1.0000,A,416,6908
1.0000,C,417,6927
1.0000,A,418,6912
1.0000,T,419,6934
1.0000,A,420,6911
1.0000,A,421,6955
1.0000,T,422,6921
1.0000,T,423,6859
1.0000,G,424,6863
0.92,G,425,6857
0.08,A,425,6857
1.0000,A,426,6862
1.0000,A,427,6855
1.0000,G,428,6863
1.0000,A,429,6846
1.0000,A,430,6827
1.0000,A,431,6853
1.0000,T,432,6858
1.0000,C,433,6886
1.0000,T,434,6859
1.0000,G,435,6863
1.0000,T,436,6880
1.0000,T,437,6862
1.0000,G,438,6940
1.0000,A,439,6944
1.0000,C,440,7124
1.0000,T,441,7187
1.0000,C,442,7311
1.0000,A,443,7306
1.0000,G,444,7390
0.5494,A,445,7405
0.4506,C,445,7405
1.0000,T,446,7455
1.0000,T,447,7447
1.0000,G,448,7462
1.0000,G,449,7271
0.5373,A,450,7253
0.4601,G,450,7253
0.0026,T,450,7253
1.0000,T,451,7076
1.0000,G,452,7059
1.0000,C,453,6992
1.0000,A,454,6947
1.0000,C,455,7018
1.0000,T,456,6930
1.0000,T,457,6935
1.0000,T,458,6927
1.0000,A,459,6930
1.0000,A,460,6931
1.0000,A,461,6933
1.0000,T,462,6909
1.0000,T,463,6861
1.0000,T,464,6753
1.0000,T,465,6727
1.0000,C,466,6718
1.0000,C,467,6739
1.0000,C,468,6778
1.0000,A,469,6788
1.0000,T,470,6799
1.0000,T,471,6803
1.0000,A,472,6803
1.0000,G,473,6867
1.0000,T,474,6864
1.0000,C,475,6865
1.0000,C,476,6880
1.0000,T,477,6972
1.0000,A,478,7127
1.0000,T,479,7141
1.0000,T,480,7138
0.9675,G,481,7135
0.0325,A,481,7135
1.0000,A,482,6989
1.0000,A,483,6848
1.0000,A,484,6844
1.0000,C,485,6833
1.0000,T,486,6557
1.0000,G,487,6679
1.0000,T,488,6763
1.0000,A,489,6788
1.0000,C,490,6751
0.9628,C,491,6639
0.0372,T,491,6639
1.0000,A,492,6606
1.0000,G,493,6551
1.0000,T,494,6586
1.0000,A,495,6609
1.0000,A,496,6509
1.0000,A,497,6490
1.0000,A,498,6491
1.0000,T,499,6474
1.0000,T,500,6443
1.0000,A,501,6448
1.0000,A,502,6390
1.0000,A,503,6403
1.0000,G,504,6422
1.0000,C,505,6415
1.0000,A,506,6279
1.0000,C,507,6247
1.0000,T,508,6304
1.0000,G,509,6287
1.0000,T,510,6282
1.0000,A,511,6281
1.0000,T,512,6252
1.0000,G,513,6213
1.0000,G,514,6188
1.0000,A,515,6174
1.0000,T,516,6242
1.0000,G,517,6097
1.0000,G,518,6720
1.0000,C,519,6731
1.0000,C,520,6726
1.0000,C,521,6742
0.5580,A,522,6386
0.4420,G,522,6386
1.0000,A,523,6407
1.0000,A,524,6474
1.0000,A,525,6500
0.5490,G,526,6634
0.4510,A,526,6634
1.0000,T,527,6707
1.0000,T,528,6103
1.0000,A,529,6096
1.0000,A,530,6140
1.0000,A,531,6263
1.0000,C,532,6261
1.0000,A,533,6037
0.5595,A,534,6033
0.4405,G,534,6033
1.0000,T,535,5979
1.0000,G,536,6013
1.0000,G,537,6094
1.0000,C,538,6072
1.0000,C,539,5866
1.0000,A,540,5645
1.0000,T,541,5678
1.0000,T,542,5392
1.0000,G,543,5392
1.0000,A,544,5377
1.0000,C,545,5282
1.0000,A,546,5131
1.0000,G,547,5110
0.9963,C,548,5136
0.0037,A,548,5136
1.0000,A,549,5113
1.0000,G,550,5138
1.0000,A,551,5156
1.0000,A,552,5105
1.0000,A,553,5106
1.0000,A,554,5121
1.0000,A,555,5133
1.0000,A,556,5134
1.0000,T,557,5117
1.0000,A,558,5128
1.0000,A,559,5114
1.0000,A,560,5117
1.0000,A,561,5125
1.0000,G,562,5144
1.0000,C,563,5235
1.0000,A,564,5225
1.0000,T,565,5206
1.0000,T,566,5201
1.0000,A,567,5161
0.9944,A,568,5030
0.0056,G,568,5030
0.9984,C,569,5029
0.0016,T,569,5029
1.0000,A,570,5277
1.0000,G,571,5311
1.0000,A,572,5335
1.0000,A,573,5389
1.0000,A,574,5402
1.0000,T,575,5404
1.0000,T,576,5396
1.0000,T,577,5376
1.0000,G,578,5395
1.0000,T,579,5395
1.0000,A,580,5386
1.0000,C,581,5386
1.0000,A,582,5341
1.0000,G,583,5425
1.0000,A,584,5465
1.0000,A,585,5466
1.0000,A,586,5482
1.0000,T,587,5457
1.0000,G,588,5465
1.0000,G,589,5411
1.0000,A,590,5388
1.0000,A,591,5315
1.0000,A,592,5170
1.0000,A,593,5095
1.0000,G,594,5102
1.0000,G,595,5083
1.0000,A,596,5072
1.0000,A,597,5039
1.0000,G,598,5021
0.9663,G,599,5040
0.0337,A,599,5040
0.9957,A,600,5058
0.0043,G,600,5058
1.0000,A,601,5099
1.0000,A,602,5097
1.0000,A,603,5109
1.0000,A,604,5092
1.0000,T,605,5079
1.0000,T,606,5043
1.0000,T,607,5036
1.0000,C,608,5038
1.0000,A,609,5039
1.0000,A,610,5040
0.9982,G,611,5048
0.0018,A,611,5048
1.0000,A,612,5165
1.0000,A,613,5223
1.0000,T,614,5219
1.0000,T,615,5215
1.0000,G,616,5214
1.0000,G,617,5214
0.9962,A,618,5236
0.0038,G,618,5236
1.0000,C,619,5230
1.0000,C,620,5207
1.0000,T,621,5184
1.0000,G,622,5193
1.0000,A,623,5196
1.0000,A,624,5142
1.0000,A,625,5139
1.0000,A,626,5146
1.0000,T,627,5141
1.0000,C,628,5143
1.0000,C,629,5136
1.0000,A,630,5305
1.0000,A,631,5303
1.0000,C,632,5324
0.9976,A,633,5345
0.0024,G,633,5345
1.0000,A,634,5299
1.0000,A,635,5346
1.0000,T,636,5267
1.0000,A,637,5002
1.0000,C,638,5168
1.0000,T,639,4909
1.0000,C,640,4964
1.0000,C,641,4919
1.0000,A,642,4857
0.9972,A,643,4925
0.0028,G,643,4925
1.0000,T,644,4881
1.0000,A,645,4962
1.0000,T,646,4989
1.0000,T,647,4696
1.0000,T,648,4682
1.0000,G,649,4669
1.0000,C,650,4752
1.0000,C,651,4763
1.0000,A,652,4727
1.0000,T,653,4729
1.0000,A,654,4729
1.0000,A,655,4732
1.0000,A,656,4737
0.9811,G,657,4976
0.0189,A,657,4976
1.0000,A,658,5002
1.0000,A,659,4970
1.0000,A,660,4976
1.0000,A,661,4991
1.0000,A,662,4995
1.0000,A,663,5024
1.0000,G,664,5022
1.0000,A,665,5018
1.0000,C,666,5025
1.0000,A,667,4804
1.0000,G,668,5309
1.0000,T,669,5031
1.0000,A,670,5072
1.0000,C,671,5027
1.0000,T,672,4964
1.0000,A,673,4990
1.0000,A,674,4971
1.0000,A,675,4936
1.0000,T,676,4914
1.0000,G,677,4595
1.0000,G,678,4616
1.0000,A,679,4585
1.0000,G,680,4588
1.0000,A,681,4652
1.0000,A,682,4563
1.0000,A,683,4652
1.0000,A,684,4682
1.0000,T,685,4688
1.0000,T,686,4683
1.0000,A,687,4637
1.0000,G,688,4620
1.0000,T,689,4623
1.0000,A,690,4632
1.0000,G,691,4634
1.0000,A,692,4690
1.0000,T,693,4890
1.0000,T,694,5058
1.0000,T,695,5148
1.0000,C,696,5151
1.0000,A,697,5137
1.0000,G,698,5132
1.0000,A,699,5215
1.0000,G,700,5281
1.0000,A,701,5286
1.0000,A,702,5311
1.0000,C,703,5519
1.0000,T,704,5503
1.0000,T,705,5859
1.0000,A,706,5887
1.0000,A,707,6585
1.0000,T,708,6864
1.0000,A,709,6870
1.0000,A,710,6888
0.5379,G,711,6879
0.4621,A,711,6879
1.0000,A,712,6807
1.0000,G,713,6831
1.0000,A,714,6836
1.0000,A,715,6961
1.0000,C,716,6931
1.0000,T,717,6665
1.0000,C,718,6680
1.0000,A,719,6772
1.0000,A,720,6779
1.0000,G,721,6788
1.0000,A,722,6775
1.0000,C,723,7046
1.0000,T,724,7027
1.0000,T,725,7071
1.0000,C,726,7063
1.0000,T,727,7057
1.0000,G,728,7073
1.0000,G,729,7073
1.0000,G,730,7100
1.0000,A,731,7134
1.0000,A,732,7022
1.0000,G,733,7127
1.0000,T,734,7056
0.9980,C,735,7044
0.0020,T,735,7044
1.0000,C,736,7047
1.0000,A,737,7046
0.9983,G,738,7112
0.0017,A,738,7112
1.0000,T,739,7199
1.0000,T,740,7280
1.0000,A,741,7297
1.0000,G,742,7311
1.0000,G,743,7429
1.0000,A,744,7441
1.0000,A,745,7536
1.0000,T,746,7605
1.0000,A,747,7600
1.0000,C,748,7728
1.0000,C,749,7683
1.0000,A,750,7693
1.0000,C,751,7708
1.0000,A,752,7641
1.0000,T,753,7875
1.0000,C,754,7944
1.0000,C,755,7987
1.0000,C,756,7979
0.9951,T,757,7948
0.0049,G,757,7948
1.0000,C,758,7960
1.0000,A,759,7948
1.0000,G,760,7997
1.0000,G,761,7999
1.0000,G,762,7948
1.0000,T,763,7746
1.0000,T,764,7615
1.0000,T,765,7621
0.9980,T,766,7672
0.0020,A,766,7672
1.0000,G,767,7674
1.0000,G,768,7693
1.0000,A,769,7591
1.0000,A,770,7569
1.0000,G,771,7596
1.0000,A,772,7587
0.99,G,773,7594
0.01,A,773,7594
1.0000,A,774,7593
1.0000,A,775,7587
1.0000,A,776,7651
1.0000,A,777,7762
1.0000,T,778,7756
1.0000,C,779,7693
1.0000,A,780,7669
1.0000,G,781,7611
1.0000,T,782,7698
1.0000,A,783,7684
1.0000,A,784,7691
1.0000,C,785,7887
1.0000,A,786,7810
1.0000,G,787,7992
1.0000,T,788,7945
1.0000,A,789,7811
1.0000,C,790,7819
1.0000,T,791,7771
1.0000,G,792,8000
1.0000,G,793,7967
1.0000,A,794,7850
1.0000,T,795,7857
1.0000,G,796,7639
1.0000,T,797,7443
1.0000,G,798,7460
1.0000,G,799,7573
1.0000,G,800,7566
1.0000,T,801,7457
1.0000,G,802,7431
1.0000,A,803,7458
1.0000,T,804,7486
1.0000,G,805,7490
1.0000,C,806,7491
1.0000,A,807,7497
0.91,T,808,7380
0.09,C,808,7380
1.0000,A,809,7376
1.0000,T,810,7381
1.0000,T,811,7362
1.0000,T,812,7345
1.0000,T,813,7309
1.0000,T,814,7281
1.0000,C,815,7276
1.0000,A,816,7189
1.0000,G,817,7202
1.0000,T,818,7204
1.0000,T,819,6962
1.0000,C,820,7023
1.0000,C,821,7172
1.0000,C,822,7173
1.0000,T,823,7190
1.0000,T,824,7215
1.0000,A,825,7169
0.9813,G,826,7175
0.0187,A,826,7175
1.0000,A,827,7169
1.0000,T,828,7122
0.9992,G,829,6972
0.0008,A,829,6972
1.0000,A,830,6744
0.9985,G,831,6746
0.0015,A,831,6746
1.0000,G,832,6801
1.0000,A,833,6815
1.0000,C,834,7243
1.0000,T,835,7219
1.0000,T,836,7731
1.0000,C,837,7782
1.0000,A,838,7791
1.0000,G,839,7857
0.5460,A,840,7886
0.4540,G,840,7886
1.0000,A,841,7877
1.0000,A,842,7863
1.0000,G,843,7922
1.0000,T,844,7455
1.0000,A,845,7083
1.0000,T,846,7049
1.0000,A,847,7017
1.0000,C,848,7000
1.0000,T,849,6865
1.0000,G,850,7099
1.0000,C,851,7101
1.0000,A,852,6953
1.0000,T,853,6964
1.0000,T,854,6896
1.0000,T,855,7020
1.0000,A,856,7099
1.0000,C,857,6805
1.0000,C,858,6772
1.0000,A,859,6538
1.0000,T,860,6544
1.0000,A,861,6766
1.0000,C,862,6774
1.0000,C,863,6703
1.0000,T,864,6628
1.0000,A,865,6548
1.0000,G,866,6562
1.0000,T,867,6587
1.0000,A,868,6584
1.0000,C,869,6806
1.0000,A,870,6650
1.0000,A,871,6722
1.0000,A,872,6721
1.0000,C,873,6766
1.0000,A,874,6676
1.0000,A,875,6720
1.0000,T,876,6695
1.0000,G,877,6700
1.0000,A,878,6701
1.0000,G,879,6696
1.0000,A,880,6742
1.0000,C,881,6834
1.0000,A,882,6763
1.0000,C,883,6789
1.0000,C,884,6753
1.0000,A,885,6751
1.0000,G,886,6786
1.0000,G,887,7040
1.0000,G,888,7135
1.0000,A,889,7118
1.0000,T,890,7190
1.0000,T,891,7245
1.0000,A,892,7253
1.0000,G,893,7254
1.0000,A,894,7596
1.0000,T,895,7834
1.0000,A,896,7704
1.0000,T,897,7710
1.0000,C,898,7689
1.0000,A,899,7623
1.0000,G,900,7943
1.0000,T,901,7957
1.0000,A,902,7938
1.0000,C,903,7895
1.0000,A,904,7746
1.0000,A,905,7760
1.0000,T,906,7706
1.0000,G,907,7767
1.0000,T,908,7736
1.0000,G,909,7657
1.0000,C,910,7694
1.0000,T,911,7693
1.0000,T,912,7713
1.0000,C,913,7721
1.0000,C,914,7845
1.0000,A,915,7842
1.0000,C,916,7834
1.0000,A,917,7736
1.0000,G,918,7867
1.0000,G,919,7862
1.0000,G,920,7997
1.0000,A,921,7977
1.0000,T,922,7956
1.0000,G,923,7973
0.9421,G,924,7998
0.0579,A,924,7998
1.0000,A,925,7997
1.0000,A,926,8000
1.0000,A,927,7843
1.0000,G,928,7763
1.0000,G,929,7754
1.0000,A,930,7648
1.0000,T,931,7626
1.0000,C,932,7631
1.0000,A,933,7634
1.0000,C,934,7648
1.0000,C,935,7563
1.0000,A,936,7537
1.0000,G,937,7561
1.0000,C,938,7478
1.0000,A,939,7440
0.9981,T,940,7540
0.0019,A,940,7540
1.0000,G,941,7491
1.0000,A,942,7536
1.0000,T,943,7558
1.0000,A,944,7546
1.0000,T,945,7613
1.0000,C,946,7564
1.0000,A,947,7540
1.0000,A,948,7625
1.0000,A,949,7347
1.0000,G,950,7346
1.0000,T,951,7318
1.0000,A,952,7113
1.0000,G,953,7104
1.0000,C,954,7052
1.0000,A,955,7091
1.0000,T,956,7078
1.0000,G,957,7073
1.0000,A,958,7091
1.0000,C,959,7084
1.0000,A,960,7092
1.0000,A,961,7087
1.0000,A,962,7086
1.0000,A,963,7077
1.0000,A,964,7109
1.0000,T,965,7201
1.0000,C,966,7186
1.0000,T,967,7137
1.0000,T,968,7135
1.0000,A,969,7134
1.0000,G,970,7120
1.0000,A,971,7071
1.0000,G,972,7047
1.0000,C,973,7010
1.0000,C,974,6920
1.0000,T,975,6899
1.0000,T,976,6922
1.0000,T,977,6900
1.0000,T,978,6901
1.0000,A,979,6894
1.0000,G,980,6893
1.0000,A,981,6800
1.0000,A,982,6784
1.0000,A,983,6764
1.0000,A,984,6784
1.0000,C,985,6574
1.0000,A,986,6553
1.0000,A,987,6277
1.0000,A,988,6260
1.0000,A,989,6317
1.0000,T,990,6279
1.0000,C,991,6244
1.0000,C,992,6233
1.0000,A,993,6189
1.0000,G,994,6106
1.0000,A,995,6121
1.0000,C,996,6128
1.0000,A,997,6123
1.0000,T,998,6086
1.0000,A,999,6067
1.0000,G,1000,6142
1.0000,T,1001,6011
1.0000,T,1002,5998
1.0000,A,1003,5971
1.0000,T,1004,5982
0.9981,T,1005,5875
0.0019,C,1005,5875
1.0000,T,1006,5807
1.0000,A,1007,5627
1.0000,T,1008,5656
1.0000,C,1009,5565
1.0000,A,1010,5459
1.0000,A,1011,5853
1.0000,T,1012,5736
1.0000,A,1013,5775
0.9973,T,1014,5783
0.0027,C,1014,5783
1.0000,A,1015,5865
1.0000,T,1016,5794
1.0000,G,1017,5711
1.0000,G,1018,5798
1.0000,A,1019,5787
1.0000,T,1020,5264
1.0000,G,1021,5305
1.0000,A,1022,5337
1.0000,T,1023,5496
1.0000,T,1024,5424
1.0000,T,1025,5424
1.0000,G,1026,5706
1.0000,T,1027,5677
1.0000,A,1028,5734
1.0000,T,1029,5748
1.0000,G,1030,5711
1.0000,T,1031,5665
1.0000,A,1032,5509
1.0000,G,1033,5650
0.9707,G,1034,5761
0.0294,A,1034,5761
1.0000,A,1035,6624
1.0000,T,1036,6624
1.0000,C,1037,6493
1.0000,T,1038,6453
0.5384,G,1039,6612
0.4616,A,1039,6612
1.0000,A,1040,6641
1.0000,C,1041,6677
1.0000,T,1042,6551
1.0000,T,1043,6548
1.0000,A,1044,5966
1.0000,G,1045,6041
1.0000,A,1046,6474
1.0000,A,1047,6469
1.0000,A,1048,6461
1.0000,T,1049,6565
1.0000,A,1050,6530
1.0000,G,1051,6559
1.0000,G,1052,6696
0.9972,A,1053,6690
0.0028,G,1053,6690
1.0000,C,1054,6712
1.0000,A,1055,6558
1.0000,G,1056,7138
1.0000,C,1057,7143
1.0000,A,1058,7147
1.0000,T,1059,7148
1.0000,A,1060,7086
1.0000,G,1061,7681
1.0000,A,1062,7705
1.0000,A,1063,7974
0.9967,T,1064,7986
0.0033,C,1064,7986
1.0000,A,1065,7799
1.0000,A,1066,8000
1.0000,A,1067,7999
0.9595,A,1068,7998
0.0405,G,1068,7998
0.5645,G,1069,7941
0.4355,A,1069,7941
1.0000,T,1070,7939
1.0000,A,1071,7854
0.9602,G,1072,7883
0.0398,A,1072,7883
1.0000,A,1073,7842
1.0000,G,1074,7833
1.0000,G,1075,7883
1.0000,A,1076,7949
1.0000,A,1077,7994
1.0000,C,1078,7980
1.0000,T,1079,7941
1.0000,G,1080,7986
1.0000,A,1081,7986
1.0000,G,1082,8000
1.0000,A,1083,7985
1.0000,C,1084,7978
1.0000,A,1085,7972
1.0000,A,1086,7977
1.0000,C,1087,7984
1.0000,A,1088,7992
1.0000,T,1089,7979
1.0000,C,1090,7865
1.0000,T,1091,7847
1.0000,G,1092,7945
1.0000,T,1093,7997
1.0000,T,1094,7992
1.0000,G,1095,7995
1.0000,A,1096,7915
1.0000,G,1097,7999
1.0000,G,1098,7996
1.0000,T,1099,7878
1.0000,G,1100,7883
1.0000,G,1101,7892
1.0000,G,1102,7957
1.0000,G,1103,7953
1.0000,A,1104,7939
0.9984,C,1105,7898
0.0016,T,1105,7898
1.0000,T,1106,7799
0.9942,G,1107,7957
0.0058,T,1107,7957
1.0000,A,1108,8000
1.0000,C,1109,8000
1.0000,C,1110,8002
1.0000,A,1111,7960
1.0000,C,1112,7996
1.0000,A,1113,7996
1.0000,C,1114,7987
1.0000,C,1115,7942
1.0000,A,1116,7838
1.0000,G,1117,7895
1.0000,A,1118,7907
1.0000,C,1119,7914
1.0000,A,1120,7892
1.0000,A,1121,7866
1.0000,A,1122,7863
1.0000,A,1123,7839
1.0000,A,1124,7833
0.9986,G,1125,7852
0.0014,A,1125,7852
1.0000,C,1126,7882
1.0000,A,1127,7887
1.0000,T,1128,7897
1.0000,C,1129,7903
1.0000,A,1130,7907
0.9759,G,1131,7951
0.0241,A,1131,7951
1.0000,A,1132,7975
1.0000,T,1133,7979
1.0000,A,1134,7941
1.0000,G,1135,7920
1.0000,A,1136,7897
1.0000,A,1137,7887
1.0000,A,1138,7922
1.0000,T,1139,7909
1.0000,T,1140,7878
1.0000,C,1141,7996
1.0000,C,1142,7987
1.0000,A,1143,7989
1.0000,T,1144,7977
1.0000,T,1145,7961
1.0000,C,1146,7958
1.0000,C,1147,7908
1.0000,T,1148,7832
1.0000,T,1149,7841
1.0000,T,1150,7825
1.0000,G,1151,7789
1.0000,G,1152,7764
1.0000,A,1153,7759
1.0000,T,1154,7754
1.0000,G,1155,7546
1.0000,G,1156,7666
1.0000,G,1157,7846
1.0000,T,1158,7852
1.0000,T,1159,7859
1.0000,A,1160,7870
1.0000,T,1161,7897
1.0000,G,1162,7618
1.0000,A,1163,7611
1.0000,A,1164,7559
1.0000,C,1165,7519
1.0000,T,1166,7160
1.0000,C,1167,7266
1.0000,C,1168,7219
1.0000,A,1169,7330
1.0000,T,1170,7336
1.0000,C,1171,7315
1.0000,C,1172,7168
1.0000,T,1173,7079
1.0000,G,1174,7365
1.0000,A,1175,7626
1.0000,T,1176,7959
1.0000,A,1177,7804
1.0000,A,1178,7759
0.5424,A,1179,7754
0.4576,G,1179,7754
1.0000,T,1180,7800
1.0000,G,1181,7872
1.0000,G,1182,7865
1.0000,A,1183,7589
1.0000,C,1184,7483
1.0000,A,1185,6357
1.0000,G,1186,6588
1.0000,T,1187,6673
1.0000,A,1188,6661
1.0000,C,1189,6591
1.0000,A,1190,6531
1.0000,G,1191,6860
1.0000,C,1192,6957
1.0000,C,1193,7059
1.0000,T,1194,7080
1.0000,A,1195,6654
1.0000,T,1196,6648
1.0000,A,1197,6543
1.0000,G,1198,6561
1.0000,T,1199,6442
1.0000,G,1200,6220
1.0000,T,1201,6066
1.0000,T,1202,5960
1.0000,G,1203,5968
1.0000,C,1204,5987
1.0000,C,1205,5989
1.0000,A,1206,5965
1.0000,G,1207,5804
1.0000,A,1208,5827
1.0000,A,1209,5830
1.0000,A,1210,5850
1.0000,A,1211,5998
1.0000,A,1212,5817
1.0000,G,1213,5810
1.0000,A,1214,5754
0.9979,T,1215,5814
0.0021,C,1215,5814
1.0000,A,1216,5802
1.0000,G,1217,5733
1.0000,C,1218,5747
1.0000,T,1219,5736
1.0000,G,1220,5758
1.0000,G,1221,5763
1.0000,A,1222,5939
1.0000,C,1223,5902
1.0000,T,1224,5846
1.0000,G,1225,6185
1.0000,T,1226,6174
1.0000,C,1227,6205
1.0000,A,1228,6211
1.0000,A,1229,6342
1.0000,T,1230,6340
1.0000,G,1231,6456
1.0000,A,1232,6514
1.0000,T,1233,6538
1.0000,A,1234,6629
1.0000,T,1235,6624
1.0000,A,1236,6660
1.0000,C,1237,6651
1.0000,A,1238,6622
1.0000,G,1239,6644
1.0000,A,1240,6624
1.0000,G,1241,6597
1.0000,G,1242,6602
1.0000,T,1243,6474
1.0000,T,1244,6472
1.0000,A,1245,6451
1.0000,G,1246,6459
1.0000,T,1247,6454
1.0000,G,1248,6394
1.0000,G,1249,6397
0.9644,G,1250,6440
0.0356,A,1250,6440
1.0000,A,1251,6417
1.0000,A,1252,6463
1.0000,A,1253,6447
1.0000,A,1254,6464
1.0000,T,1255,6457
1.0000,T,1256,6441
1.0000,A,1257,6457
1.0000,A,1258,6456
1.0000,A,1259,6457
1.0000,T,1260,6487
1.0000,T,1261,6463
1.0000,G,1262,6465
1.0000,G,1263,6512
1.0000,G,1264,6528
1.0000,C,1265,6761
1.0000,A,1266,6762
1.0000,A,1267,6790
1.0000,G,1268,6785
1.0000,T,1269,6820
1.0000,C,1270,6817
1.0000,A,1271,6805
0.9978,A,1272,6793
0.0022,G,1272,6793
1.0000,A,1273,6865
1.0000,T,1274,6965
1.0000,T,1275,6955
1.0000,T,1276,6887
1.0000,A,1277,6845
0.9980,C,1278,6702
0.0020,T,1278,6702
0.9960,C,1279,6692
0.0040,G,1279,6692
1.0000,C,1280,7072
1.0000,T,1281,7082
1.0000,G,1282,7400
1.0000,G,1283,7596
0.5258,G,1284,7759
0.4742,A,1284,7759
1.0000,A,1285,7999
1.0000,T,1286,7991
1.0000,T,1287,7991
1.0000,A,1288,7994
1.0000,A,1289,7941
1.0000,A,1290,7912
1.0000,G,1291,7905
1.0000,T,1292,7484
1.0000,A,1293,7321
1.0000,A,1294,7332
0.9986,G,1295,7351
0.0014,A,1295,7351
1.0000,G,1296,7390
1.0000,C,1297,7384
1.0000,A,1298,7296
1.0000,A,1299,7348
1.0000,T,1300,7357
1.0000,T,1301,7383
1.0000,A,1302,7456
1.0000,T,1303,7492
1.0000,G,1304,7497
1.0000,T,1305,7502
1.0000,A,1306,7465
1.0000,A,1307,7414
1.0000,A,1308,7283
1.0000,C,1309,7515
1.0000,T,1310,7468
1.0000,C,1311,7559
1.0000,C,1312,7480
1.0000,T,1313,7462
0.9986,A,1314,7066
0.0014,T,1314,7066
1.0000,A,1315,7039
1.0000,G,1316,7064
0.9982,A,1317,7064
0.0018,G,1317,7064
1.0000,G,1318,7121
1.0000,G,1319,7177
1.0000,A,1320,7059
0.9585,A,1321,7111
0.0415,G,1321,7111
1.0000,C,1322,7110
1.0000,C,1323,7088
1.0000,A,1324,7074
1.0000,A,1325,6899
0.9986,C,1326,6842
0.0014,A,1326,6842
1.0000,G,1327,6710
1.0000,C,1328,6823
1.0000,A,1329,6801
1.0000,C,1330,6746
1.0000,T,1331,6693
1.0000,A,1332,6762
1.0000,A,1333,6767
1.0000,C,1334,6781
1.0000,A,1335,6695
1.0000,G,1336,6758
1.0000,A,1337,6541
1.0000,A,1338,6551
1.0000,G,1339,6590
1.0000,T,1340,6654
1.0000,A,1341,6556
1.0000,A,1342,6406
1.0000,T,1343,6346
1.0000,A,1344,6348
0.9964,T,1345,6236
0.0036,C,1345,6236
1.0000,C,1346,6164
1.0000,A,1347,6133
1.0000,C,1348,6113
1.0000,T,1349,6064
1.0000,A,1350,6072
1.0000,A,1351,6056
1.0000,C,1352,6175
1.0000,A,1353,6102
1.0000,G,1354,6147
1.0000,A,1355,6113
1.0000,A,1356,6110
0.9644,G,1357,6092
0.0356,A,1357,6092
1.0000,A,1358,6085
1.0000,A,1359,6069
1.0000,G,1360,6065
1.0000,C,1361,6047
1.0000,A,1362,5840
1.0000,G,1363,5859
1.0000,A,1364,5869
1.0000,G,1365,5882
1.0000,C,1366,5840
1.0000,T,1367,5810
1.0000,A,1368,5805
1.0000,G,1369,5803
1.0000,A,1370,5806
1.0000,A,1371,5792
1.0000,C,1372,5686
1.0000,T,1373,5485
1.0000,G,1374,5485
1.0000,G,1375,5485
1.0000,C,1376,5335
1.0000,A,1377,5325
1.0000,G,1378,5308
1.0000,A,1379,5296
1.0000,A,1380,5236
1.0000,A,1381,5234
1.0000,A,1382,5159
1.0000,C,1383,5124
1.0000,T,1384,5061
1.0000,G,1385,4969
1.0000,G,1386,4967
1.0000,G,1387,4940
1.0000,A,1388,4929
0.9970,A,1389,4904
0.0030,G,1389,4904
1.0000,A,1390,4896
1.0000,T,1391,4900
1.0000,T,1392,4884
0.9943,T,1393,4874
0.0057,C,1393,4874
1.0000,T,1394,4879
1.0000,A,1395,4878
1.0000,A,1396,4878
1.0000,A,1397,4875
1.0000,A,1398,4863
1.0000,G,1399,4860
0.9648,A,1400,4790
0.0352,C,1400,4790
0.9994,G,1401,4792
0.0006,A,1401,4792
1.0000,C,1402,4763
1.0000,C,1403,4758
1.0000,A,1404,4757
1.0000,G,1405,4804
1.0000,T,1406,4817
1.0000,A,1407,4820
1.0000,C,1408,4799
1.0000,A,1409,4669
1.0000,T,1410,4666
1.0000,G,1411,4616
1.0000,A,1412,4626
1.0000,A,1413,4431
1.0000,G,1414,4420
1.0000,T,1415,3971
1.0000,G,1416,3989
1.0000,T,1417,3968
1.0000,A,1418,3923
1.0000,T,1419,3908
1.0000,T,1420,3822
1.0000,A,1421,3702
1.0000,T,1422,3541
1.0000,G,1423,3290
1.0000,A,1424,3144
1.0000,C,1425,2932
1.0000,C,1426,2416
1.0000,C,1427,2312
0.9987,C,1428,2272
0.0013,A,1428,2272
1.0000,T,1429,2267
1.0000,C,1430,2263
1.0000,A,1431,2258
1.0000,A,1432,2256
1.0000,A,1433,2168
0.9977,G,1434,2058
0.0023,A,1434,2058
1.0000,G,1435,2006
1.0000,A,1436,1917
0.9974,T,1437,1893
0.0026,C,1437,1893
1.0000,T,1438,1894
1.0000,T,1439,1894
1.0000,A,1440,1890
1.0000,A,1441,1886
1.0000,T,1442,1882
1.0000,A,1443,1708
1.0000,G,1444,1702
1.0000,C,1445,1663
1.0000,A,1446,1645
1.0000,G,1447,1641
1.0000,A,1448,1621
1.0000,A,1449,1620
1.0000,A,1450,1610
1.0000,T,1451,1605
1.0000,A,1452,1591
1.0000,C,1453,1570
1.0000,A,1454,1498
1.0000,G,1455,1495
1.0000,A,1456,1413
1.0000,A,1457,1391
1.0000,G,1458,1386
1.0000,C,1459,1263
1.0000,A,1460,1209
1.0000,G,1461,1206
1.0000,G,1462,1188
1.0000,G,1463,1183
0.9989,A,1464,931
0.0011,G,1464,931
0.9978,A,1465,927
0.0022,C,1465,927
1.0000,A,1466,927
1.0000,C,1467,927
1.0000,G,1468,927
1.0000,G,1469,927
1.0000,C,1470,927
1.0000,C,1471,927
1.0000,A,1472,927
1.0000,A,1473,927
1.0000,T,1474,927
1.0000,G,1475,924
1.0000,G,1476,917
1.0000,A,1477,806
1.0000,C,1478,768
1.0000,A,1479,530
1.0000,T,1480,520
1.0000,A,1481,513
1.0000,T,1482,441
1.0000,C,1483,424
1.0000,A,1484,318
1.0000,A,1485,301
1.0000,A,1486,300
1.0000,T,1487,263
1.0000,T,1488,224
1.0000,T,1489,81
1.0000,A,1490,56
1.0000,T,1491,55
1.0000,C,1492,54
1.0000,A,1493,43
1.0000,A,1494,3
1.0000,G,1495,3
1.0000,A,1496,2
1.0000,G,1497,2
1.0000,C,1498,2
1.0000,C,1499,1
1.0000,A,1500,1
1.0000,T,1501,0
1.0000,T,1502,0
1.0000,T,1503,0
1.0000,A,1504,0
1.0000,A,1505,0
1.0000,A,1506,0
1.0000,A,1507,0
1.0000,A,1508,0
1.0000,T,1509,0
1.0000,C,1510,0
1.0000,T,1511,0
1.0000,G,1512,0
1.0000,A,1513,0
1.0000,A,1514,0
1.0000,A,1515,0
1.0000,A,1516,0
1.0000,C,1517,0
1.0000,A,1518,0
1.0000,G,1519,0
1.0000,G,1520,0
1.0000,A,1521,0
1.0000,A,1522,0
1.0000,A,1523,0
1.0000,G,1524,0
1.0000,T,1525,0
1.0000,A,1526,0
1.0000,T,1527,0
1.0000,G,1528,0
1.0000,C,1529,0
1.0000,A,1530,0
1.0000,A,1531,0
1.0000,G,1532,0
1.0000,A,1533,0
1.0000,A,1534,0
1.0000,T,1535,0
1.0000,G,1536,0
1.0000,A,1537,0
1.0000,G,1538,0
1.0000,G,1539,0
1.0000,T,1540,0
1.0000,G,1541,0
1.0000,T,1542,0
1.0000,G,1543,0
1.0000,C,1544,0
1.0000,C,1545,0
1.0000,C,1546,0
1.0000,A,1547,0
1.0000,C,1548,0
1.0000,A,1549,0
1.0000,C,1550,0
1.0000,T,1551,0
1.0000,A,1552,0
1.0000,A,1553,0
1.0000,T,1554,0
1.0000,G,1555,0
1.0000,A,1556,0
1.0000,T,1557,0
1.0000,G,1558,0
1.0000,T,1559,0
1.0000,A,1560,0
1.0000,A,1561,0
1.0000,A,1562,0
1.0000,A,1563,0
1.0000,C,1564,0
1.0000,A,1565,0
1.0000,A,1566,0
1.0000,T,1567,0
1.0000,T,1568,0
1.0000,A,1569,0
1.0000,A,1570,0
1.0000,C,1571,0
1.0000,A,1572,0
1.0000,G,1573,0
1.0000,A,1574,0
1.0000,G,1575,0
1.0000,G,1576,0
1.0000,C,1577,0
1.0000,A,1578,0
1.0000,G,1579,0
1.0000,T,1580,0
1.0000,G,1581,0
1.0000,C,1582,0
1.0000,A,1583,0
1.0000,A,1584,0
1.0000,A,1585,0
1.0000,A,1586,0
1.0000,A,1587,0
1.0000,A,1588,0
1.0000,T,1589,0
1.0000,A,1590,0
1.0000,G,1591,0
1.0000,C,1592,0
1.0000,C,1593,0
1.0000,A,1594,0
1.0000,C,1595,0
1.0000,A,1596,0
1.0000,G,1597,0
1.0000,A,1598,0
1.0000,A,1599,0
1.0000,A,1600,0
1.0000,G,1601,0
1.0000,C,1602,0
1.0000,A,1603,0
1.0000,T,1604,0
1.0000,A,1605,0
1.0000,G,1606,0
1.0000,T,1607,0
1.0000,A,1608,0
1.0000,A,1609,0
1.0000,T,1610,0
1.0000,A,1611,0
1.0000,T,1612,0
1.0000,G,1613,0
1.0000,G,1614,0
1.0000,G,1615,0
1.0000,G,1616,0
1.0000,A,1617,0
1.0000,A,1618,0
1.0000,A,1619,0
1.0000,G,1620,0
1.0000,A,1621,0
1.0000,C,1622,0
1.0000,T,1623,0
1.0000,C,1624,0
1.0000,C,1625,0
1.0000,T,1626,0
1.0000,A,1627,0
1.0000,A,1628,0
1.0000,A,1629,0
1.0000,T,1630,0
1.0000,T,1631,0
1.0000,T,1632,0
1.0000,A,1633,0
1.0000,A,1634,0
1.0000,A,1635,0
1.0000,C,1636,0
1.0000,T,1637,0
1.0000,A,1638,0
1.0000,C,1639,0
1.0000,C,1640,0
1.0000,C,1641,0
1.0000,A,1642,0
1.0000,T,1643,0
1.0000,A,1644,0
1.0000,C,1645,0
1.0000,A,1646,0
1.0000,A,1647,0
1.0000,A,1648,0
1.0000,A,1649,0
1.0000,A,1650,0
1.0000,G,1651,0
1.0000,A,1652,0
1.0000,A,1653,0
1.0000,A,1654,0
1.0000,C,1655,0
1.0000,A,1656,0
1.0000,T,1657,0
1.0000,G,1658,0
1.0000,T,1659,0
1.0000,G,1660,0
1.0000,A,1661,0
1.0000,A,1662,0
1.0000,G,1663,0
1.0000,C,1664,0
1.0000,A,1665,0
1.0000,T,1666,0
1.0000,G,1667,0
1.0000,G,1668,0
1.0000,T,1669,0
1.0000,G,1670,0
1.0000,G,1671,0
1.0000,A,1672,0
1.0000,C,1673,0
1.0000,A,1674,0
1.0000,G,1675,0
1.0000,A,1676,0
1.0000,G,1677,0
1.0000,T,1678,0
1.0000,A,1679,0
1.0000,T,1680,0
1.0000,T,1681,0
1.0000,G,1682,0
1.0000,G,1683,0
1.0000,C,1684,0
1.0000,A,1685,0
1.0000,A,1686,0
1.0000,G,1687,0
1.0000,C,1688,0
1.0000,C,1689,0
1.0000,A,1690,0
1.0000,C,1691,0
1.0000,C,1692,0
1.0000,T,1693,0
1.0000,G,1694,0
1.0000,G,1695,0
1.0000,A,1696,0
1.0000,T,1697,0
1.0000,T,1698,0
1.0000,C,1699,0
1.0000,C,1700,0
1.0000,T,1701,0
1.0000,G,1702,0
1.0000,A,1703,0
1.0000,G,1704,0
1.0000,T,1705,0
1.0000,G,1706,0
1.0000,G,1707,0
1.0000,G,1708,0
1.0000,A,1709,0
1.0000,G,1710,0
1.0000,T,1711,0
1.0000,T,1712,0
1.0000,T,1713,0
1.0000,G,1714,0
1.0000,T,1715,0
1.0000,C,1716,0
1.0000,A,1717,0
1.0000,A,1718,0
1.0000,T,1719,0
1.0000,A,1720,0
1.0000,C,1721,0
1.0000,C,1722,0
1.0000,C,1723,0
1.0000,C,1724,0
1.0000,T,1725,0
1.0000,C,1726,0
1.0000,C,1727,0
1.0000,C,1728,0
1.0000,T,1729,0
1.0000,T,1730,0
1.0000,A,1731,0
1.0000,G,1732,0
1.0000,T,1733,0
1.0000,G,1734,0
1.0000,A,1735,0
1.0000,A,1736,0
1.0000,A,1737,0
1.0000,T,1738,0
1.0000,T,1739,0
1.0000,A,1740,0
1.0000,T,1741,0
1.0000,G,1742,0
1.0000,G,1743,0
1.0000,T,1744,0
1.0000,A,1745,0
1.0000,C,1746,0
1.0000,C,1747,0
1.0000,A,1748,0
1.0000,G,1749,0
1.0000,T,1750,0
1.0000,T,1751,0
1.0000,A,1752,0
1.0000,G,1753,0
1.0000,A,1754,0
1.0000,G,1755,0
1.0000,A,1756,0
1.0000,A,1757,0
1.0000,A,1758,0
1.0000,G,1759,0
1.0000,A,1760,0
1.0000,A,1761,0
1.0000,C,1762,0
1.0000,A,1763,0
1.0000,G,1764,0
1.0000,C,1765,0
1.0000,C,1766,0
1.0000,A,1767,0
1.0000,C,1768,0
1.0000,A,1769,0
1.0000,G,1770,0
1.0000,A,1771,0
1.0000,G,1772,0
1.0000,A,1773,0
1.0000,G,1774,0
1.0000,C,1775,0
1.0000,A,1776,0
1.0000,G,1777,0
1.0000,A,1778,0
1.0000,A,1779,0
1.0000,A,1780,0
1.0000,C,1781,0
1.0000,T,1782,0
1.0000,T,1783,0
1.0000,T,1784,0
1.0000,C,1785,0
1.0000,T,1786,0
1.0000,A,1787,0
1.0000,T,1788,0
1.0000,G,1789,0
1.0000,T,1790,0
1.0000,A,1791,0
1.0000,G,1792,0
1.0000,A,1793,0
1.0000,T,1794,0
1.0000,G,1795,0
1.0000,G,1796,0
1.0000,G,1797,0
1.0000,G,1798,0
1.0000,C,1799,0
1.0000,A,1800,0
1.0000,G,1801,0
1.0000,C,1802,0
1.0000,T,1803,0
1.0000,A,1804,0
1.0000,A,1805,0
1.0000,T,1806,0
1.0000,A,1807,0
1.0000,G,1808,0
1.0000,G,1809,0
1.0000,G,1810,0
1.0000,A,1811,0
1.0000,G,1812,0
1.0000,A,1813,0
1.0000,C,1814,0
1.0000,T,1815,0
1.0000,A,1816,0
1.0000,A,1817,0
1.0000,A,1818,0
1.0000,T,1819,0
1.0000,T,1820,0
1.0000,A,1821,0
1.0000,G,1822,0
1.0000,G,1823,0
1.0000,A,1824,0
1.0000,A,1825,0
1.0000,A,1826,0
1.0000,A,1827,0
1.0000,G,1828,0
1.0000,C,1829,0
1.0000,A,1830,0
1.0000,G,1831,0
1.0000,G,1832,0
1.0000,A,1833,0
1.0000,T,1834,0
1.0000,A,1835,0
1.0000,T,1836,0
1.0000,G,1837,0
1.0000,T,1838,0
1.0000,T,1839,0
1.0000,A,1840,0
1.0000,C,1841,0
1.0000,T,1842,0
1.0000,G,1843,0
1.0000,A,1844,0
1.0000,C,1845,0
1.0000,A,1846,0
1.0000,G,1847,0
1.0000,A,1848,0
1.0000,G,1849,0
1.0000,G,1850,0
1.0000,A,1851,0
1.0000,A,1852,0
1.0000,G,1853,0
1.0000,A,1854,0
1.0000,C,1855,0
1.0000,A,1856,0
1.0000,A,1857,0
1.0000,A,1858,0
1.0000,A,1859,0
1.0000,A,1860,0
1.0000,G,1861,0
1.0000,T,1862,0
1.0000,T,1863,0
1.0000,G,1864,0
1.0000,T,1865,0
1.0000,C,1866,0
1.0000,T,1867,0
1.0000,C,1868,0
1.0000,A,1869,0
1.0000,C,1870,0
1.0000,T,1871,0
1.0000,A,1872,0
1.0000,A,1873,0
1.0000,C,1874,0
1.0000,T,1875,0
1.0000,G,1876,0
1.0000,A,1877,0
1.0000,C,1878,0
1.0000,A,1879,0
1.0000,C,1880,0
1.0000,A,1881,0
1.0000,A,1882,0
1.0000,C,1883,0
1.0000,A,1884,0
1.0000,A,1885,0
1.0000,A,1886,0
1.0000,T,1887,0
1.0000,C,1888,0
1.0000,A,1889,0
1.0000,G,1890,0
1.0000,A,1891,0
1.0000,A,1892,0
1.0000,G,1893,0
1.0000,A,1894,0
1.0000,C,1895,0
1.0000,T,1896,0
1.0000,G,1897,0
1.0000,A,1898,0
1.0000,G,1899,0
1.0000,T,1900,0
1.0000,T,1901,0
1.0000,A,1902,0
1.0000,C,1903,0
1.0000,A,1904,0
1.0000,A,1905,0
1.0000,G,1906,0
1.0000,C,1907,0
1.0000,A,1908,0
1.0000,A,1909,0
1.0000,T,1910,0
1.0000,T,1911,0
1.0000,C,1912,0
1.0000,A,1913,0
1.0000,T,1914,0
1.0000,C,1915,0
1.0000,T,1916,0
1.0000,A,1917,0
1.0000,G,1918,0
1.0000,C,1919,0
1.0000,T,1920,0
1.0000,T,1921,0
1.0000,T,1922,0
1.0000,G,1923,0
1.0000,C,1924,0
1.0000,A,1925,0
1.0000,G,1926,0
1.0000,G,1927,0
1.0000,A,1928,0
1.0000,T,1929,0
1.0000,T,1930,0
1.0000,C,1931,0
1.0000,G,1932,0
1.0000,G,1933,0
1.0000,G,1934,0
1.0000,A,1935,0
1.0000,T,1936,0
1.0000,T,1937,0
1.0000,A,1938,0
1.0000,G,1939,0
1.0000,A,1940,0
1.0000,A,1941,0
1.0000,G,1942,0
1.0000,T,1943,0
1.0000,A,1944,0
1.0000,A,1945,0
1.0000,A,1946,0
1.0000,C,1947,0
1.0000,A,1948,0
1.0000,T,1949,0
1.0000,A,1950,0
1.0000,G,1951,0
1.0000,T,1952,0
1.0000,A,1953,0
1.0000,A,1954,0
1.0000,C,1955,0
1.0000,A,1956,0
1.0000,G,1957,0
1.0000,A,1958,0
1.0000,C,1959,0
1.0000,T,1960,0
1.0000,C,1961,0
1.0000,A,1962,0
1.0000,C,1963,0
1.0000,A,1964,0
1.0000,A,1965,0
1.0000,T,1966,0
1.0000,A,1967,0
1.0000,T,1968,0
1.0000,G,1969,0
1.0000,C,1970,0
1.0000,A,1971,0
1.0000,T,1972,0
1.0000,T,1973,0
1.0000,A,1974,0
1.0000,G,1975,0
1.0000,G,1976,0
1.0000,A,1977,0
1.0000,A,1978,0
1.0000,T,1979,0
1.0000,C,1980,0
1.0000,A,1981,0
1.0000,T,1982,0
1.0000,T,1983,0
1.0000,C,1984,0
1.0000,A,1985,0
1.0000,A,1986,0
1.0000,G,1987,0
1.0000,C,1988,0
1.0000,A,1989,0
1.0000,C,1990,0
1.0000,A,1991,0
1.0000,A,1992,0
1.0000,C,1993,0
1.0000,C,1994,0
1.0000,A,1995,0
1.0000,G,1996,0
1.0000,A,1997,0
1.0000,T,1998,0
1.0000,A,1999,0
1.0000,A,2000,0
1.0000,A,2001,0
1.0000,A,2002,0
1.0000,G,2003,0
1.0000,T,2004,0
1.0000,G,2005,0
1.0000,A,2006,0
1.0000,A,2007,0
1.0000,T,2008,0
1.0000,C,2009,0
1.0000,A,2010,0
1.0000,G,2011,0
1.0000,A,2012,0
1.0000,G,2013,0
1.0000,T,2014,0
1.0000,T,2015,0
1.0000,A,2016,0
1.0000,G,2017,0
1.0000,T,2018,0
1.0000,C,2019,0
1.0000,A,2020,0
1.0000,G,2021,0
1.0000,T,2022,0
1.0000,C,2023,0
1.0000,A,2024,0
1.0000,A,2025,0
1.0000,A,2026,0
1.0000,T,2027,0
1.0000,A,2028,0
1.0000,A,2029,0
1.0000,T,2030,0
1.0000,A,2031,0
1.0000,G,2032,0
1.0000,A,2033,0
1.0000,G,2034,0
1.0000,C,2035,0
1.0000,A,2036,0
1.0000,G,2037,0
1.0000,T,2038,0
1.0000,T,2039,0
1.0000,A,2040,0
1.0000,A,2041,0
1.0000,T,2042,0
1.0000,A,2043,0
1.0000,A,2044,0
1.0000,A,2045,0
1.0000,A,2046,0
1.0000,A,2047,0
1.0000,A,2048,0
1.0000,G,2049,0
1.0000,G,2050,0
1.0000,A,2051,0
1.0000,A,2052,0
1.0000,A,2053,0
1.0000,A,2054,0
1.0000,G,2055,0
1.0000,G,2056,0
1.0000,T,2057,0
1.0000,C,2058,0
1.0000,T,2059,0
1.0000,A,2060,0
1.0000,C,2061,0
1.0000,C,2062,0
1.0000,T,2063,0
1.0000,G,2064,0
1.0000,G,2065,0
1.0000,C,2066,0
1.0000,A,2067,0
1.0000,T,2068,4
1.0000,G,2069,146
1.0000,G,2070,375
1.0000,G,2071,602
1.0000,T,2072,692
1.0000,A,2073,696
1.0000,C,2074,858
1.0000,C,2075,869
1.0000,A,2076,869
1.0000,G,2077,1017
1.0000,C,2078,1050
1.0000,A,2079,1125
1.0000,C,2080,1614
1.0000,A,2081,1731
1.0000,C,2082,2480
1.0000,A,2083,2487
1.0000,A,2084,2567
0.5964,A,2085,2584
0.4036,G,2085,2584
1.0000,G,2086,2622
1.0000,G,2087,2722
1.0000,A,2088,2734
1.0000,A,2089,2750
1.0000,T,2090,2771
1.0000,T,2091,2781
1.0000,G,2092,2794
1.0000,G,2093,2826
1.0000,A,2094,2831
1.0000,G,2095,2843
1.0000,G,2096,2937
1.0000,A,2097,2961
1.0000,A,2098,2966
1.0000,A,2099,2974
1.0000,T,2100,2985
1.0000,G,2101,3039
1.0000,A,2102,3049
1.0000,A,2103,3051
0.9803,C,2104,3091
0.0197,C,2104,3091
1.0000,A,2105,3043
1.0000,A,2106,3184
1.0000,G,2107,3334
1.0000,T,2108,3375
1.0000,A,2109,3444
0.9779,G,2110,3478
0.0221,A,2110,3478
1.0000,A,2111,3505
1.0000,T,2112,3511
1.0000,A,2113,3656
1.0000,A,2114,3676
1.0000,A,2115,3680
1.0000,T,2116,3703
1.0000,T,2117,3705
1.0000,A,2118,3763
1.0000,G,2119,3812
1.0000,T,2120,3856
1.0000,C,2121,3873
1.0000,A,2122,3873
1.0000,G,2123,4363
0.5216,T,2124,4421
0.4784,C,2124,4421
1.0000,T,2125,4444
1.0000,C,2126,4456
1.0000,T,2127,4458
1.0000,G,2128,4516
1.0000,G,2129,4525
1.0000,A,2130,4562
1.0000,A,2131,4574
1.0000,T,2132,4602
1.0000,C,2133,4694
1.0000,A,2134,4728
1.0000,G,2135,6544
1.0000,G,2136,6642
1.0000,A,2137,6646
0.9286,A,2138,6668
0.0714,G,2138,6668
0.5819,A,2139,6690
0.4181,G,2139,6690
0.9189,G,2140,6957
0.0811,A,2140,6957
1.0000,T,2141,7228
1.0000,A,2142,7303
1.0000,C,2143,7335
1.0000,T,2144,7261
1.0000,A,2145,7392
1.0000,T,2146,7436
1.0000,T,2147,7483
1.0000,T,2148,7582
1.0000,T,2149,7556
1.0000,T,2150,7559
1.0000,A,2151,7624
1.0000,G,2152,7718
1.0000,A,2153,7894
1.0000,T,2154,7889
1.0000,G,2155,7991
0.9601,G,2156,8000
0.0399,A,2156,8000
1.0000,A,2157,7999
1.0000,A,2158,7999
1.0000,T,2159,8000
1.0000,A,2160,7989
1.0000,G,2161,7998
1.0000,A,2162,7983
1.0000,T,2163,7997
1.0000,A,2164,7969
1.0000,A,2165,7835
1.0000,G,2166,7999
1.0000,G,2167,7999
1.0000,C,2168,8000
1.0000,T,2169,7940
1.0000,C,2170,7986
1.0000,A,2171,7995
1.0000,G,2172,8000
1.0000,G,2173,8000
1.0000,A,2174,7992
1.0000,A,2175,7874
1.0000,G,2176,7991
1.0000,A,2177,7989
0.9956,T,2178,7999
0.0044,A,2178,7999
1.0000,C,2179,7970
1.0000,A,2180,7993
1.0000,T,2181,7996
1.0000,G,2182,8000
1.0000,A,2183,8000
1.0000,G,2184,8000
1.0000,A,2185,7967
1.0000,A,2186,7967
1.0000,A,2187,7999
1.0000,T,2188,7988
1.0000,A,2189,7996
1.0000,T,2190,7994
1.0000,C,2191,7989
1.0000,A,2192,7981
1.0000,C,2193,7999
1.0000,A,2194,7954
1.0000,G,2195,8000
1.0000,T,2196,7960
1.0000,A,2197,7993
1.0000,A,2198,7997
1.0000,T,2199,7993
1.0000,T,2200,7995
1.0000,G,2201,7999
1.0000,G,2202,7972
1.0000,A,2203,7920
1.0000,G,2204,7980
1.0000,A,2205,7938
1.0000,G,2206,7985
1.0000,C,2207,7987
1.0000,A,2208,7957
1.0000,A,2209,7962
1.0000,T,2210,7952
1.0000,G,2211,7998
1.0000,G,2212,7999
1.0000,C,2213,7969
1.0000,A,2214,7956
0.9278,G,2215,7863
0.0722,C,2215,7863
1.0000,C,2216,7881
1.0000,A,2217,7934
1.0000,C,2218,7998
1.0000,A,2219,7979
1.0000,G,2220,7627
1.0000,A,2221,7509
1.0000,T,2222,7457
1.0000,T,2223,7449
1.0000,A,2224,7473
1.0000,A,2225,7465
1.0000,C,2226,7602
1.0000,A,2227,7469
1.0000,T,2228,7486
0.9979,A,2229,7423
0.0021,G,2229,7423
1.0000,C,2230,7234
1.0000,C,2231,7184
1.0000,A,2232,7280
1.0000,C,2233,6918
1.0000,C,2234,6809
1.0000,T,2235,6891
1.0000,G,2236,7089
1.0000,T,2237,7062
0.9975,G,2238,7056
0.0025,A,2238,7056
1.0000,G,2239,7046
1.0000,T,2240,7043
1.0000,A,2241,6958
1.0000,G,2242,6946
1.0000,C,2243,6957
1.0000,A,2244,6973
1.0000,A,2245,6918
1.0000,A,2246,7064
1.0000,A,2247,7084
1.0000,G,2248,7142
1.0000,A,2249,7431
1.0000,A,2250,7440
1.0000,A,2251,7552
1.0000,T,2252,7605
1.0000,A,2253,7599
0.9975,A,2254,7625
0.0025,G,2254,7625
1.0000,T,2255,7597
1.0000,A,2256,7620
1.0000,G,2257,7576
1.0000,C,2258,7453
1.0000,C,2259,7421
1.0000,A,2260,7359
1.0000,G,2261,7477
1.0000,C,2262,7427
1.0000,T,2263,7420
1.0000,G,2264,7688
1.0000,T,2265,7730
1.0000,G,2266,7853
1.0000,A,2267,7880
1.0000,T,2268,7867
1.0000,A,2269,7862
1.0000,A,2270,7721
1.0000,A,2271,7738
1.0000,T,2272,7740
1.0000,G,2273,7749
1.0000,T,2274,7428
1.0000,C,2275,7410
1.0000,A,2276,7405
1.0000,G,2277,7638
0.5929,C,2278,7720
0.4071,T,2278,7720
1.0000,T,2279,7717
1.0000,A,2280,7708
1.0000,A,2281,7697
1.0000,A,2282,7988
1.0000,A,2283,7928
1.0000,G,2284,7938
1.0000,G,2285,7957
0.6027,A,2286,6685
0.3973,T,2286,6685
1.0000,G,2287,6683
1.0000,A,2288,6803
1.0000,A,2289,6893
1.0000,G,2290,7248
1.0000,C,2291,6894
1.0000,C,2292,6812
1.0000,A,2293,6924
1.0000,T,2294,7535
0.9976,A,2295,7682
0.0024,G,2295,7682
1.0000,C,2296,7623
1.0000,A,2297,7615
1.0000,T,2298,7654
1.0000,G,2299,7573
1.0000,G,2300,7793
1.0000,A,2301,7789
1.0000,C,2302,7894
1.0000,A,2303,7718
0.9985,G,2304,7968
0.0015,A,2304,7968
1.0000,G,2305,7991
1.0000,T,2306,7927
1.0000,A,2307,7992
1.0000,G,2308,8000
1.0000,A,2309,7977
1.0000,C,2310,7988
1.0000,T,2311,7950
1.0000,G,2312,7999
1.0000,T,2313,7965
1.0000,A,2314,7925
1.0000,G,2315,8000
1.0000,T,2316,7990
1.0000,C,2317,7882
1.0000,C,2318,7890
1.0000,A,2319,7861
1.0000,G,2320,7976
1.0000,G,2321,7955
1.0000,A,2322,7981
1.0000,A,2323,7993
1.0000,T,2324,7945
1.0000,A,2325,7955
1.0000,T,2326,7971
1.0000,G,2327,7920
1.0000,G,2328,7952
1.0000,C,2329,7983
1.0000,A,2330,7927
0.9989,G,2331,7997
0.0011,A,2331,7997
1.0000,C,2332,7995
1.0000,T,2333,8000
1.0000,A,2334,7997
1.0000,G,2335,7999
1.0000,A,2336,7996
1.0000,T,2337,7995
1.0000,T,2338,7940
1.0000,G,2339,7998
1.0000,T,2340,7977
1.0000,A,2341,7997
1.0000,C,2342,7995
1.0000,A,2343,7949
1.0000,C,2344,7988
1.0000,A,2345,7951
1.0000,T,2346,7940
1.0000,T,2347,7961
1.0000,T,2348,7923
1.0000,A,2349,7907
1.0000,G,2350,7911
1.0000,A,2351,7997
1.0000,A,2352,7989
1.0000,G,2353,7883
1.0000,G,2354,7933
1.0000,A,2355,7895
1.0000,A,2356,7904
1.0000,A,2357,7960
1.0000,A,2358,7968
1.0000,A,2359,7983
1.0000,T,2360,7993
1.0000,T,2361,7986
1.0000,A,2362,7959
1.0000,T,2363,7955
1.0000,T,2364,7996
1.0000,C,2365,7987
1.0000,T,2366,7891
1.0000,G,2367,8000
1.0000,G,2368,7991
1.0000,T,2369,7951
1.0000,A,2370,7950
1.0000,G,2371,7937
1.0000,C,2372,7971
1.0000,A,2373,7962
1.0000,G,2374,7970
1.0000,T,2375,7954
1.0000,T,2376,7920
1.0000,C,2377,7890
1.0000,A,2378,7953
1.0000,T,2379,7908
1.0000,G,2380,7910
1.0000,T,2381,7768
1.0000,A,2382,7759
1.0000,G,2383,7704
1.0000,C,2384,7663
1.0000,C,2385,7670
1.0000,A,2386,7466
1.0000,G,2387,7695
1.0000,T,2388,7812
1.0000,G,2389,7991
1.0000,G,2390,7982
1.0000,A,2391,7964
1.0000,T,2392,7954
1.0000,A,2393,7974
1.0000,C,2394,7978
1.0000,A,2395,7950
1.0000,T,2396,7936
1.0000,A,2397,7646
1.0000,G,2398,7580
1.0000,A,2399,7540
1.0000,A,2400,7344
1.0000,G,2401,7370
1.0000,C,2402,7282
1.0000,A,2403,7105
1.0000,G,2404,7160
1.0000,A,2405,7266
1.0000,A,2406,7372
1.0000,G,2407,7357
1.0000,T,2408,7278
1.0000,T,2409,7305
1.0000,A,2410,7309
1.0000,T,2411,7415
1.0000,T,2412,7327
1.0000,C,2413,7307
1.0000,C,2414,7103
1.0000,A,2415,7144
1.0000,G,2416,7159
1.0000,C,2417,7133
1.0000,A,2418,7121
1.0000,G,2419,7146
1.0000,A,2420,7244
1.0000,G,2421,7270
1.0000,A,2422,7244
1.0000,C,2423,7197
1.0000,A,2424,7089
1.0000,G,2425,7460
1.0000,G,2426,7583
1.0000,A,2427,7665
1.0000,C,2428,7510
1.0000,A,2429,7336
1.0000,G,2430,7453
1.0000,G,2431,7685
1.0000,A,2432,7722
1.0000,A,2433,7498
1.0000,A,2434,7348
1.0000,C,2435,7461
1.0000,A,2436,7381
1.0000,G,2437,7566
1.0000,C,2438,7645
1.0000,A,2439,7524
1.0000,T,2440,7498
1.0000,A,2441,7281
1.0000,C,2442,7284
1.0000,T,2443,7349
1.0000,T,2444,7325
1.0000,T,2445,6949
1.0000,A,2446,6949
1.0000,T,2447,6955
1.0000,C,2448,6907
1.0000,T,2449,7205
1.0000,T,2450,7187
1.0000,A,2451,7299
1.0000,C,2452,7320
1.0000,T,2453,7225
1.0000,A,2454,7307
1.0000,T,2455,7085
1.0000,T,2456,7076
1.0000,A,2457,7113
1.0000,G,2458,7108
1.0000,C,2459,7126
1.0000,A,2460,7124
1.0000,G,2461,7147
1.0000,G,2462,7252
1.0000,A,2463,7294
1.0000,A,2464,7292
1.0000,G,2465,7286
1.0000,A,2466,7338
1.0000,T,2467,7353
1.0000,G,2468,7390
1.0000,G,2469,7415
1.0000,C,2470,7330
1.0000,C,2471,7330
1.0000,A,2472,7312
1.0000,G,2473,7521
1.0000,T,2474,7626
1.0000,A,2475,7639
1.0000,A,2476,7633
1.0000,A,2477,7783
1.0000,A,2478,7781
1.0000,A,2479,7838
1.0000,C,2480,7958
1.0000,A,2481,7970
1.0000,A,2482,7934
1.0000,T,2483,7968
1.0000,A,2484,7997
1.0000,C,2485,7997
1.0000,A,2486,7956
1.0000,T,2487,7964
1.0000,A,2488,7961
1.0000,C,2489,7942
1.0000,A,2490,7870
1.0000,G,2491,7997
1.0000,A,2492,7962
1.0000,C,2493,7988
1.0000,A,2494,7836
1.0000,A,2495,7910
1.0000,T,2496,7952
1.0000,G,2497,7948
1.0000,G,2498,7975
1.0000,C,2499,7970
1.0000,A,2500,7840
1.0000,G,2501,7862
1.0000,C,2502,7981
1.0000,A,2503,7998
1.0000,A,2504,7985
1.0000,T,2505,7947
1.0000,T,2506,7989
1.0000,T,2507,7996
1.0000,C,2508,7924
1.0000,A,2509,7928
1.0000,C,2510,7936
1.0000,C,2511,7938
1.0000,A,2512,7895
1.0000,G,2513,7990
0.9991,C,2514,7974
0.0009,T,2514,7974
1.0000,A,2515,7992
1.0000,C,2516,7916
1.0000,T,2517,7896
1.0000,A,2518,7982
1.0000,C,2519,7984
1.0000,G,2520,7996
1.0000,G,2521,7999
1.0000,T,2522,7941
1.0000,C,2523,7881
1.0000,A,2524,7894
1.0000,A,2525,7876
1.0000,G,2526,7885
1.0000,G,2527,7974
1.0000,C,2528,7916
1.0000,T,2529,7833
1.0000,G,2530,7951
1.0000,C,2531,7977
1.0000,C,2532,7915
1.0000,T,2533,7915
1.0000,G,2534,7940
1.0000,T,2535,7967
1.0000,T,2536,7985
1.0000,G,2537,7949
1.0000,G,2538,7739
1.0000,T,2539,7604
1.0000,G,2540,7507
1.0000,G,2541,7503
1.0000,G,2542,7550
1.0000,C,2543,7500
1.0000,A,2544,7468
1.0000,G,2545,7489
1.0000,G,2546,7504
1.0000,G,2547,7556
1.0000,A,2548,7559
1.0000,T,2549,7504
1.0000,C,2550,7416
1.0000,A,2551,7417
1.0000,A,2552,7387
0.9979,A,2553,7294
0.0021,G,2553,7294
1.0000,C,2554,7266
1.0000,A,2555,7204
0.9983,A,2556,7113
0.0017,G,2556,7113
1.0000,G,2557,7269
1.0000,A,2558,7280
1.0000,A,2559,7310
1.0000,T,2560,7268
1.0000,T,2561,7250
1.0000,T,2562,7184
1.0000,G,2563,7187
1.0000,G,2564,7231
0.9985,T,2565,7205
0.0015,C,2565,7205
1.0000,A,2566,7130
1.0000,T,2567,7112
1.0000,T,2568,7222
1.0000,C,2569,7300
1.0000,C,2570,7168
1.0000,C,2571,7227
1.0000,T,2572,7249
1.0000,A,2573,7254
1.0000,C,2574,7240
1.0000,A,2575,7152
1.0000,A,2576,6901
1.0000,T,2577,6901
1.0000,C,2578,6917
1.0000,C,2579,6937
1.0000,C,2580,6801
1.0000,C,2581,6796
1.0000,A,2582,6863
1.0000,A,2583,6869
1.0000,A,2584,6897
1.0000,G,2585,7161
1.0000,T,2586,7065
1.0000,C,2587,6961
1.0000,A,2588,7002
1.0000,A,2589,7011
1.0000,G,2590,7032
0.9576,G,2591,7339
0.0424,A,2591,7339
1.0000,A,2592,7266
1.0000,G,2593,7456
1.0000,T,2594,7401
1.0000,A,2595,7262
1.0000,G,2596,7380
1.0000,T,2597,7292
1.0000,A,2598,7279
1.0000,G,2599,7279
1.0000,A,2600,6989
1.0000,A,2601,7045
1.0000,T,2602,6747
1.0000,C,2603,6736
0.9968,C,2604,6735
0.0032,T,2604,6735
1.0000,A,2605,6654
1.0000,T,2606,6703
1.0000,G,2607,6798
1.0000,A,2608,6888
1.0000,A,2609,6975
1.0000,T,2610,6979
1.0000,A,2611,6970
1.0000,A,2612,6970
1.0000,A,2613,6899
0.9643,G,2614,6999
0.0357,A,2614,6999
1.0000,A,2615,6990
1.0000,G,2616,7011
1.0000,T,2617,6917
1.0000,T,2618,6885
1.0000,A,2619,6866
1.0000,A,2620,7009
1.0000,A,2621,7138
1.0000,G,2622,7907
1.0000,A,2623,7868
1.0000,A,2624,7824
0.6134,G,2625,7920
0.3866,A,2625,7920
1.0000,A,2626,7977
1.0000,T,2627,7997
1.0000,T,2628,7910
1.0000,A,2629,7907
1.0000,T,2630,7856
1.0000,A,2631,7587
1.0000,G,2632,7975
1.0000,G,2633,7965
1.0000,A,2634,7946
1.0000,C,2635,7976
1.0000,A,2636,7938
0.6061,A,2637,7996
0.3939,G,2637,7996
1.0000,G,2638,7996
1.0000,T,2639,7993
1.0000,A,2640,7975
1.0000,A,2641,7922
1.0000,G,2642,7931
1.0000,A,2643,7891
0.9501,G,2644,7948
0.0499,G,2644,7948
1.0000,A,2645,7408
1.0000,T,2646,7750
1.0000,C,2647,7710
0.9693,A,2648,7707
0.0307,G,2648,7707
1.0000,G,2649,7801
1.0000,G,2650,7838
1.0000,C,2651,7806
1.0000,T,2652,7708
1.0000,G,2653,7741
1.0000,A,2654,7744
1.0000,A,2655,7753
1.0000,C,2656,7850
1.0000,A,2657,7822
1.0000,T,2658,7978
1.0000,C,2659,7986
1.0000,T,2660,7986
1.0000,T,2661,7999
1.0000,A,2662,7982
1.0000,A,2663,7998
1.0000,G,2664,7953
1.0000,A,2665,7901
1.0000,C,2666,7936
1.0000,A,2667,7773
1.0000,G,2668,7917
1.0000,C,2669,7900
1.0000,A,2670,7878
1.0000,G,2671,7993
1.0000,T,2672,7988
1.0000,A,2673,8000
1.0000,C,2674,7997
1.0000,A,2675,7946
1.0000,A,2676,7979
1.0000,A,2677,7796
1.0000,T,2678,7872
1.0000,G,2679,7888
1.0000,G,2680,7817
1.0000,C,2681,7837
1.0000,A,2682,7798
1.0000,G,2683,7925
1.0000,T,2684,7936
1.0000,A,2685,7960
1.0000,T,2686,7956
1.0000,T,2687,7910
1.0000,C,2688,7903
1.0000,A,2689,7872
1.0000,T,2690,7885
1.0000,C,2691,7877
1.0000,C,2692,7813
1.0000,A,2693,7808
1.0000,C,2694,7821
1.0000,A,2695,7790
1.0000,A,2696,7806
1.0000,T,2697,7801
1.0000,T,2698,7769
1.0000,T,2699,7767
1.0000,T,2700,7767
1.0000,A,2701,7766
1.0000,A,2702,7803
1.0000,A,2703,7777
1.0000,A,2704,7765
1.0000,G,2705,7801
1.0000,A,2706,7751
1.0000,A,2707,7774
1.0000,A,2708,7759
1.0000,A,2709,7769
1.0000,G,2710,7762
1.0000,G,2711,7773
1.0000,G,2712,7764
1.0000,G,2713,7775
1.0000,G,2714,7787
1.0000,G,2715,7766
1.0000,A,2716,7774
1.0000,T,2717,7757
1.0000,T,2718,7727
1.0000,G,2719,7915
1.0000,G,2720,7935
1.0000,G,2721,7989
1.0000,G,2722,7947
1.0000,G,2723,7830
1.0000,A,2724,7962
1.0000,T,2725,7947
1.0000,A,2726,7936
1.0000,C,2727,7959
1.0000,A,2728,7245
1.0000,G,2729,7614
1.0000,T,2730,7553
1.0000,G,2731,7584
1.0000,C,2732,7602
1.0000,A,2733,7386
1.0000,G,2734,7481
1.0000,G,2735,7455
1.0000,G,2736,7466
1.0000,G,2737,7486
1.0000,A,2738,6909
1.0000,A,2739,6915
1.0000,A,2740,6883
1.0000,G,2741,7339
1.0000,A,2742,7364
1.0000,A,2743,7499
1.0000,T,2744,7430
1.0000,A,2745,7177
1.0000,G,2746,7234
1.0000,T,2747,7167
1.0000,A,2748,7239
1.0000,G,2749,7248
1.0000,A,2750,7232
1.0000,C,2751,7443
1.0000,A,2752,7369
1.0000,T,2753,7457
1.0000,A,2754,7589
1.0000,A,2755,7550
1.0000,A,2756,7619
1.0000,T,2757,7561
1.0000,T,2758,7566
1.0000,T,2759,7666
1.0000,A,2760,7548
1.0000,G,2761,7564
1.0000,A,2762,7958
1.0000,A,2763,7927
1.0000,G,2764,7996
1.0000,G,2765,7784
1.0000,T,2766,7848
1.0000,A,2767,7881
1.0000,T,2768,7855
1.0000,A,2769,7854
1.0000,C,2770,7862
1.0000,A,2771,7634
1.0000,A,2772,7746
1.0000,A,2773,7398
1.0000,C,2774,7470
1.0000,T,2775,7436
1.0000,A,2776,7486
1.0000,A,2777,7473
1.0000,A,2778,7463
1.0000,G,2779,7520
1.0000,A,2780,7524
1.0000,A,2781,7502
1.0000,T,2782,7505
1.0000,T,2783,7377
1.0000,A,2784,7368
1.0000,C,2785,7342
1.0000,A,2786,7342
1.0000,A,2787,7341
1.0000,A,2788,7322
1.0000,A,2789,7348
1.0000,A,2790,7351
1.0000,C,2791,7382
1.0000,A,2792,7388
1.0000,A,2793,7364
1.0000,A,2794,7323
1.0000,T,2795,7365
1.0000,T,2796,7390
0.9958,T,2797,7391
0.0042,A,2797,7391
1.0000,C,2798,7377
1.0000,A,2799,7375
1.0000,A,2800,7347
1.0000,A,2801,7419
1.0000,A,2802,7434
1.0000,C,2803,7509
1.0000,T,2804,7519
1.0000,T,2805,7539
1.0000,C,2806,7507
1.0000,A,2807,7507
1.0000,A,2808,7504
1.0000,A,2809,7408
1.0000,A,2810,7485
1.0000,T,2811,7495
1.0000,T,2812,7501
1.0000,T,2813,7501
1.0000,T,2814,7492
1.0000,C,2815,7537
1.0000,G,2816,7541
1.0000,G,2817,7698
1.0000,G,2818,7841
1.0000,T,2819,7763
1.0000,T,2820,7838
1.0000,T,2821,7864
1.0000,A,2822,7931
1.0000,T,2823,7997
1.0000,T,2824,7994
1.0000,A,2825,7997
1.0000,C,2826,7991
1.0000,A,2827,7893
1.0000,G,2828,7974
1.0000,G,2829,7921
1.0000,G,2830,7976
1.0000,A,2831,7814
1.0000,C,2832,7854
1.0000,A,2833,7796
1.0000,G,2834,7920
1.0000,C,2835,7983
1.0000,A,2836,7960
1.0000,G,2837,7976
1.0000,A,2838,7825
1.0000,G,2839,7862
1.0000,A,2840,7842
0.9983,G,2841,7815
0.0017,T,2841,7815
1.0000,C,2842,7838
1.0000,C,2843,7787
1.0000,A,2844,7886
1.0000,C,2845,7963
1.0000,T,2846,7954
1.0000,T,2847,7989
1.0000,T,2848,7968
1.0000,G,2849,7998
1.0000,G,2850,7997
1.0000,A,2851,7978
1.0000,A,2852,7986
1.0000,A,2853,7899
1.0000,G,2854,7896
1.0000,G,2855,7985
1.0000,A,2856,7943
1.0000,C,2857,7944
1.0000,C,2858,7943
1.0000,A,2859,7938
1.0000,G,2860,7981
1.0000,C,2861,7979
1.0000,A,2862,7985
1.0000,A,2863,7946
1.0000,A,2864,7940
1.0000,A,2865,7883
1.0000,C,2866,7886
0.9844,T,2867,7858
0.0156,C,2867,7858
1.0000,T,2868,7971
1.0000,C,2869,7692
1.0000,T,2870,7716
1.0000,C,2871,7740
1.0000,T,2872,7781
1.0000,G,2873,7868
1.0000,G,2874,7879
1.0000,A,2875,7798
1.0000,A,2876,7814
1.0000,A,2877,7737
1.0000,G,2878,7963
1.0000,G,2879,7993
1.0000,T,2880,7595
1.0000,G,2881,7610
1.0000,A,2882,7716
1.0000,A,2883,7724
1.0000,G,2884,7747
1.0000,G,2885,7904
1.0000,G,2886,7983
1.0000,G,2887,7749
1.0000,C,2888,7835
1.0000,A,2889,7768
1.0000,G,2890,7989
1.0000,T,2891,7982
1.0000,A,2892,7659
1.0000,G,2893,7767
1.0000,T,2894,7680
0.9988,C,2895,7659
0.0012,A,2895,7659
1.0000,A,2896,7922
1.0000,T,2897,7932
1.0000,A,2898,7998
1.0000,C,2899,7918
1.0000,A,2900,7758
1.0000,A,2901,7736
1.0000,G,2902,7607
1.0000,A,2903,7947
1.0000,T,2904,7891
1.0000,A,2905,7756
1.0000,A,2906,7798
1.0000,T,2907,7776
1.0000,A,2908,7598
1.0000,G,2909,7616
1.0000,T,2910,7281
1.0000,G,2911,7324
1.0000,A,2912,7378
1.0000,A,2913,7445
1.0000,A,2914,7492
1.0000,T,2915,7571
1.0000,A,2916,7726
1.0000,A,2917,7713
1.0000,A,2918,7961
1.0000,A,2919,7972
1.0000,G,2920,7998
1.0000,T,2921,7952
1.0000,A,2922,7787
1.0000,G,2923,7849
1.0000,T,2924,7858
0.9969,A,2925,7837
0.0031,G,2925,7837
1.0000,C,2926,7860
1.0000,C,2927,7789
1.0000,A,2928,7967
1.0000,A,2929,7955
1.0000,G,2930,7966
1.0000,A,2931,7995
1.0000,A,2932,7956
1.0000,G,2933,7994
1.0000,A,2934,7974
1.0000,A,2935,7992
0.98,A,2936,7995
0.2,G,2936,7995
1.0000,A,2937,7997
1.0000,G,2938,7997
1.0000,C,2939,7970
1.0000,A,2940,7968
1.0000,A,2941,7987
1.0000,A,2942,7917
1.0000,G,2943,8000
1.0000,A,2944,7991
1.0000,T,2945,7983
1.0000,C,2946,7947
0.89,A,2947,7956
0.11,C,2947,7956
1.0000,T,2948,7982
1.0000,T,2949,7992
1.0000,A,2950,7995
1.0000,G,2951,7996
1.0000,G,2952,7846
1.0000,G,2953,7882
1.0000,A,2954,7767
1.0000,T,2955,7749
1.0000,T,2956,7726
1.0000,A,2957,7994
1.0000,T,2958,8000
1.0000,G,2959,7999
1.0000,G,2960,7995
1.0000,A,2961,7891
1.0000,A,2962,7916
1.0000,A,2963,7916
1.0000,A,2964,7999
1.0000,C,2965,7999
1.0000,A,2966,7916
1.0000,G,2967,7958
1.0000,A,2968,7849
1.0000,T,2969,7832
1.0000,G,2970,7864
1.0000,G,2971,7819
1.0000,C,2972,7723
1.0000,A,2973,7703
1.0000,G,2974,7657
1.0000,G,2975,7653
1.0000,T,2976,7636
1.0000,G,2977,7633
1.0000,A,2978,7623
1.0000,T,2979,7566
1.0000,G,2980,7547
1.0000,A,2981,7480
1.0000,T,2982,7469
1.0000,T,2983,7307
1.0000,G,2984,7295
1.0000,T,2985,7073
1.0000,G,2986,7057
1.0000,T,2987,7035
1.0000,G,2988,6999
1.0000,G,2989,6997
1.0000,C,2990,6959
1.0000,A,2991,6912
0.99,T,2992,6901
0.01,A,2992,6901
1.0000,G,2993,6871
1.0000,T,2994,6855
1.0000,G,2995,6759
1.0000,G,2996,6668
1.0000,A,2997,6656
1.0000,A,2998,6632
1.0000,A,2999,6574
1.0000,G,3000,6545
1.0000,G,3001,6516
1.0000,A,3002,6493
1.0000,T,3003,6472
1.0000,G,3004,6453
1.0000,A,3005,6359
1.0000,G,3006,6299
1.0000,G,3007,6265
1.0000,A,3008,6222
1.0000,T,3009,6044
1.0000,T,3010,5959